symbol,name
AAPL,Apple Inc.
ABNB,"Airbnb, Inc. Class A"
ADBE,Adobe Inc.
ADI,"Analog Devices, Inc."
ADP,"Automatic Data Processing, Inc."
ADSK,"Autodesk, Inc."
AEP,"American Electric Power Company, Inc."
ALAB,"Astera Labs, Inc."
ALNY,"Alnylam Pharmaceuticals, Inc."
AMAT,"Applied Materials, Inc."
AMD,"Advanced Micro Devices, Inc."
AMGN,Amgen Inc.
AMZN,"Amazon.com, Inc."
APP,Applovin Corporation Class A
ARM,Arm Holdings plc American Depositary Shares
ASML,ASML Holding N.V. New York Registry Shares
AVGO,Broadcom Inc.
AXON,"Axon Enterprise, Inc."
BKNG,Booking Holdings Inc.
BKR,Baker Hughes Company Class A
CCEP,Coca-Cola Europacific Partners plc Ordinary Shares
CDNS,"Cadence Design Systems, Inc."
CEG,Constellation Energy Corporation
CMCSA,Comcast Corporation Class A
COST,Costco Wholesale Corporation
CPRT,"Copart, Inc. (DE)"
CRWD,"CrowdStrike Holdings, Inc. Class A"
CRWV,"CoreWeave, Inc."
CSCO,"Cisco Systems, Inc. (DE)"
CSX,CSX Corporation
CTAS,Cintas Corporation
DASH,"DoorDash, Inc. Class A"
DDOG,"Datadog, Inc. Class A"
DXCM,"DexCom, Inc."
EXC,Exelon Corporation
FANG,"Diamondback Energy, Inc."
FAST,Fastenal Company
FER,Ferrovial SE Ordinary Shares
FTNT,"Fortinet, Inc."
GEHC,GE HealthCare Technologies Inc.
GILD,"Gilead Sciences, Inc."
GOOG,Alphabet Inc. Class C Capital Stock
GOOGL,Alphabet Inc. Class A
HON,Honeywell Technologies Inc.
HONA,Honeywell Aerospace
IDXX,"IDEXX Laboratories, Inc."
INTC,Intel Corporation
INTU,Intuit Inc.
ISRG,"Intuitive Surgical, Inc."
KDP,Keurig Dr Pepper Inc.
KHC,The Kraft Heinz Company
KLAC,KLA Corporation
LIN,Linde plc Ordinary Shares
LITE,Lumentum Holdings Inc.
LRCX,Lam Research Corporation
MAR,Marriott International Class A
MCHP,Microchip Technology Incorporated
MDLZ,"Mondelez International, Inc. Class A"
MELI,"MercadoLibre, Inc."
META,"Meta Platforms, Inc. Class A"
MNST,Monster Beverage Corporation
MPWR,"Monolithic Power Systems, Inc."
MRVL,"Marvell Technology, Inc."
MSFT,Microsoft Corporation
MSTR,Strategy Inc Class A
MU,"Micron Technology, Inc."
NBIS,Nebius Group N.V.
NFLX,"Netflix, Inc."
NVDA,NVIDIA Corporation
NXPI,NXP Semiconductors N.V.
ODFL,"Old Dominion Freight Line, Inc."
ORLY,"O'Reilly Automotive, Inc."
PANW,"Palo Alto Networks, Inc."
PAYX,"Paychex, Inc."
PCAR,PACCAR Inc.
PDD,PDD Holdings Inc. American Depositary Shares
PEP,"PepsiCo, Inc."
PLTR,Palantir Technologies Inc. Class A
PYPL,"PayPal Holdings, Inc."
QCOM,QUALCOMM Incorporated
REGN,"Regeneron Pharmaceuticals, Inc."
RKLB,Rocket Lab Corporation
ROP,"Roper Technologies, Inc."
ROST,"Ross Stores, Inc."
SBUX,Starbucks Corporation
SHOP,Shopify Inc. Class A Subordinate Voting Shares
SNDK,Sandisk Corporation
SNPS,"Synopsys, Inc."
SPCX,Space Exploration Technologies Corporation
STX,Seagate Technology Holdings PLC Ordinary Shares (Ireland)
TER,"Teradyne, Inc."
TMUS,"T-Mobile US, Inc."
TRI,Thomson Reuters Corporation Common Shares
TSLA,"Tesla, Inc."
TTWO,"Take-Two Interactive Software, Inc."
TXN,Texas Instruments Incorporated
VRTX,Vertex Pharmaceuticals Incorporated
WBD,"Warner Bros. Discovery, Inc. Series A"
WDAY,"Workday, Inc. Class A"
WDC,Western Digital Corporation
WMT,Walmart Inc.
XEL,Xcel Energy Inc.
